{
  "train_total": [
    0.16573123561845993,
    0.10574568151946448,
    0.09397203414747198,
    0.08637304314813478,
    0.08110425812962054,
    0.07790992370543307,
    0.07268322996631965,
    0.07052995502787231,
    0.0667434151599044,
    0.06480146797168614,
    0.06139375498121253,
    0.05974008298610264,
    0.05597204205730649,
    0.05147182171392005,
    0.04879591817371951,
    0.03364364733009211,
    0.026898784631301246,
    0.02155218058690183,
    0.011196963635968194,
    0.007427907978330066
  ],
  "train_dest": [
    0.002832753145049285,
    0.0023472297218625703,
    0.0021667216841153325,
    0.002064195176159127,
    0.0019541860662414183,
    0.0018530322832762925,
    0.0017553943999333757,
    0.001669016447550909,
    0.0016014606286178477,
    0.0015757356210028737,
    0.0015715438907910491,
    0.0015459748962178975,
    0.0015258720318568903,
    0.0015285081249453941,
    0.0014794443007524931,
    0.0013681911893778707,
    0.0013418881149096843,
    0.001318293337215095,
    0.001266199118294101,
    0.0012425984516352846
  ],
  "train_succ": [
    0.16289848246205305,
    0.10339845183230566,
    0.09180531262730558,
    0.08430884799994899,
    0.07915007198093141,
    0.07605689145580889,
    0.07092783568038284,
    0.0688609386432088,
    0.06514195441718482,
    0.06322573243923041,
    0.05982221113669315,
    0.05819410813678739,
    0.05444616988957914,
    0.049943313650600105,
    0.047316473854879,
    0.03227545608213851,
    0.025556896556169426,
    0.020233887218887154,
    0.009930764519384632,
    0.006185309538692389
  ],
  "val_total": [
    0.11487608430145321,
    0.10174808083815415,
    0.0830002043533573,
    0.0789561433576603,
    0.0764190571548962,
    0.08010821126975265,
    0.07213395503975373,
    0.07307216501129356,
    0.06821646529947659,
    0.06614198716548157,
    0.07574908968008745,
    0.06575471714347063,
    0.06902581787158679,
    0.0741748979810692,
    0.0695251928742409,
    0.08270428438790291,
    0.09233585431616198,
    0.11784956849907784,
    0.13819718419674867,
    0.17772055279015966
  ],
  "val_dest": [
    0.0026080938284772145,
    0.002386458245896595,
    0.002148878647961554,
    0.0020454129030026383,
    0.0017943234491284673,
    0.0016824760846947432,
    0.0017376196712705465,
    0.0017422915269060834,
    0.0015910036509264405,
    0.0015775374914110787,
    0.0015954936825234155,
    0.0015790083730517852,
    0.0015066358017481207,
    0.001454276840274551,
    0.0014452788561890601,
    0.0013796251941347848,
    0.0013952231490716033,
    0.0013889535635432484,
    0.0012911223542883521,
    0.0012738960050596507
  ],
  "val_succ": [
    0.11226799084394357,
    0.09936162242286166,
    0.08085132604418754,
    0.07691073093634768,
    0.0746247338269,
    0.07842573542069801,
    0.07039633570065057,
    0.07132987360646609,
    0.06662546169586743,
    0.06456444960877264,
    0.07415359610450112,
    0.06417570863225235,
    0.06751918244411845,
    0.07272062137880063,
    0.06807991429249213,
    0.08132465913935324,
    0.09094063152764814,
    0.11646061450825945,
    0.136906061900424,
    0.1764466574352396
  ]
}