{
  "train_total": [
    0.16795484025229876,
    0.11129299592724795,
    0.0969851958315547,
    0.08969350245654206,
    0.08428404122665054,
    0.08001984278364367,
    0.07578619221577046,
    0.06524915601797368,
    0.06143010939263622,
    0.05853238391505711,
    0.05494282193407887,
    0.04378069152209198,
    0.037935449963253806,
    0.03323024304566001,
    0.02300687792774899,
    0.018480868001999343,
    0.0143813996383535,
    0.009496978077324076,
    0.007284134595680985,
    0.006682710375892572
  ],
  "train_dest": [
    0.003171730688760476,
    0.0028284172196859914,
    0.002661541648008865,
    0.002621554113148822,
    0.00256186963480501,
    0.002512740093269053,
    0.002477732995695787,
    0.0023206610336913218,
    0.0022821810873445755,
    0.0022815963606305535,
    0.0022691232576089646,
    0.0022191119133372805,
    0.002216880572450792,
    0.002219785362618362,
    0.0022008944020540113,
    0.0021885832255940075,
    0.0021785405075788336,
    0.0021665836184882065,
    0.002162160111785561,
    0.0021607336796847084
  ],
  "train_succ": [
    0.16478310980898847,
    0.1084645785039666,
    0.09432365409710193,
    0.08707194829691124,
    0.08172217163138677,
    0.07750710265567087,
    0.07330845923153742,
    0.06292849497902421,
    0.059147928349670385,
    0.05625078759901562,
    0.05267369873252173,
    0.04156157952578118,
    0.03571856932581235,
    0.031010457698237688,
    0.02080598351228671,
    0.016292284798647288,
    0.012202859112509186,
    0.007330394446689555,
    0.005121974489186432,
    0.004521976688197409
  ],
  "val_total": [
    0.11872307937575707,
    0.09463615241508648,
    0.09637107093034557,
    0.07178418660582779,
    0.07787121997697372,
    0.07577785289831337,
    0.07239057340841491,
    0.06254126624663552,
    0.06698415337225536,
    0.06581910822879314,
    0.06753859724136155,
    0.06636521595640343,
    0.07613877982417401,
    0.08321083966146023,
    0.10999887100462649,
    0.11958338655533772,
    0.13245698684156007,
    0.15774323379285668,
    0.1774070910164521,
    0.17660106040850124
  ],
  "val_dest": [
    0.0029155890341168184,
    0.002658048419490746,
    0.002628961183207868,
    0.002561531274449461,
    0.0024745577555227868,
    0.0024580231373383223,
    0.0024361272594940818,
    0.0023205774172262317,
    0.0022733886607907354,
    0.002297044147308038,
    0.002241688527398225,
    0.0022241272063372015,
    0.002253624996711948,
    0.002236741665058963,
    0.002212570515062263,
    0.0022096841651783063,
    0.00219502506818337,
    0.0021788794569795127,
    0.0021863342721190763,
    0.002174137128124535
  ],
  "val_succ": [
    0.11580749032277247,
    0.09197810419054296,
    0.0937421095654393,
    0.06922265507965035,
    0.07539666189590798,
    0.07331982981397042,
    0.06995444603725202,
    0.06022068878209199,
    0.06471076475215748,
    0.06352206448368207,
    0.06529690853321127,
    0.06414108866016338,
    0.07388515481705225,
    0.08097409854338915,
    0.10778630049666182,
    0.11737370161273633,
    0.13026196197068982,
    0.15556435421498147,
    0.17522075662544834,
    0.17442692311760524
  ]
}