{
  "train_total": [
    0.26593403244944663,
    0.1970851839450209,
    0.179820427332871,
    0.16937635067678725,
    0.16212888994837196,
    0.1562747081107348,
    0.15076903964526608,
    0.144605171958417,
    0.1370834134899369,
    0.12651782515168514,
    0.11153144423379592,
    0.07101055008612486,
    0.045510772358863374,
    0.02922398478020733,
    0.012733544296624565,
    0.007038821563227295,
    0.00688563074913236,
    0.004430952939804721,
    0.003037084208977221,
    0.0029703251941360083
  ],
  "train_dest": [
    0.003253416207685474,
    0.00294423052665038,
    0.002830263085464771,
    0.0027373801490297002,
    0.0026677432308072776,
    0.0026357353140382127,
    0.002608857066484123,
    0.002584120486682077,
    0.002576581909352377,
    0.002559649431615287,
    0.0025584254179960883,
    0.0025049049143074545,
    0.002504687162970934,
    0.002490719861932294,
    0.0024679052338926182,
    0.0024536456119827756,
    0.0024492318559835085,
    0.002432165725359419,
    0.0024247750369226183,
    0.0024177769416490573
  ],
  "train_succ": [
    0.26268061622977257,
    0.1941409532885995,
    0.17699016431428982,
    0.16663897077720394,
    0.1594611468818291,
    0.15363897282424926,
    0.14816018254870536,
    0.1420210512757113,
    0.1345068315900492,
    0.12395817559303307,
    0.1089730187796238,
    0.06850564515120547,
    0.043006085168760415,
    0.026733264918958596,
    0.010265639070606018,
    0.004585175962717134,
    0.004436398879554904,
    0.001998787220049334,
    0.0006123091743969421,
    0.000552548253241577
  ],
  "val_total": [
    0.20788138556104518,
    0.1770654952142444,
    0.16532400389050877,
    0.16771436811221446,
    0.17406473006219406,
    0.1589640837794892,
    0.16430940057159182,
    0.15659239011833595,
    0.17362487696136752,
    0.17065760626790155,
    0.18574080116151118,
    0.24185428070229753,
    0.2966683787273859,
    0.35944172096242694,
    0.4939072746810111,
    0.5839375166971131,
    0.6092466971726144,
    0.658513867144804,
    0.6780141038477334,
    0.7263546517030328
  ],
  "val_dest": [
    0.003068557825501619,
    0.0029008177753287586,
    0.0027814767415466485,
    0.002681335460874418,
    0.0026820414942943216,
    0.0026030670946103622,
    0.0025937541350239675,
    0.0025970786275827345,
    0.0025631538562114185,
    0.0025782412803232306,
    0.0025597130763832425,
    0.0025043530848880865,
    0.0025171240382738744,
    0.0024979095923763194,
    0.0024897226822811758,
    0.0024705573489514987,
    0.0024691025681427455,
    0.0024494955998856163,
    0.0024403462042847748,
    0.002433944752476054
  ],
  "val_succ": [
    0.2048128269291978,
    0.17416467661175025,
    0.16254252713955783,
    0.16503303332324556,
    0.171382688437304,
    0.1563610159031972,
    0.16171564617348372,
    0.153995311473719,
    0.1710617226111636,
    0.16807936528851627,
    0.18318108804916677,
    0.2393499275606287,
    0.29415125374749795,
    0.3569438114684706,
    0.4914175530605299,
    0.5814669594579377,
    0.6067775965331244,
    0.6560643715808795,
    0.6755737588878934,
    0.7239207067858926
  ]
}