{
  "train_total": [
    0.17585109259054912,
    0.11523255009570957,
    0.102093327782927,
    0.0937362111248446,
    0.08803651693370446,
    0.08287828207535916,
    0.07814885609360056,
    0.07585414044488333,
    0.07246217241362679,
    0.06905218971979005,
    0.06586498707194678,
    0.06331608642326784,
    0.06087615651641354,
    0.05652222047263778,
    0.042287099257392546,
    0.03548820315371835,
    0.028758343613505457,
    0.01770380635719743,
    0.012456794730206748,
    0.009666347680062345
  ],
  "train_dest": [
    0.002977765233414929,
    0.0024994050680307205,
    0.0023209107455031065,
    0.002211834116213784,
    0.0020922014463268888,
    0.0019992016180769255,
    0.0019166779772958162,
    0.0018268023726304063,
    0.0017742884581758833,
    0.0017334904305909464,
    0.001689611345528715,
    0.0016215810322563662,
    0.0016040463748664782,
    0.001570471603248366,
    0.0014517274892374926,
    0.0014301480660416934,
    0.0014239918963660594,
    0.0013393495837499933,
    0.0013252584971533794,
    0.001309007899290962
  ],
  "train_succ": [
    0.1728733272830995,
    0.11273314505680898,
    0.09977241716404002,
    0.09152437697098251,
    0.08594431560831489,
    0.08087908043193798,
    0.07623217807571188,
    0.07402733796256802,
    0.07068788389719068,
    0.0673186992990844,
    0.06417537576585416,
    0.061694505239156254,
    0.05927211017677663,
    0.054951748857085356,
    0.04083537179423545,
    0.03405805501690203,
    0.027334351768301145,
    0.016364456743725775,
    0.011131536220913627,
    0.008357339750336585
  ],
  "val_total": [
    0.12205864363498432,
    0.09986900337693166,
    0.10834415507933205,
    0.09261193980895684,
    0.0840480873589181,
    0.07495331205164445,
    0.07650517076173452,
    0.0731820380437618,
    0.07468928679629638,
    0.07305473075360087,
    0.06969853126585046,
    0.07864088075613787,
    0.07745294207400669,
    0.07725576774343644,
    0.07561247957843512,
    0.08681666898414224,
    0.10063772107656441,
    0.12858056499948423,
    0.15849626820558008,
    0.17328996625777998
  ],
  "val_dest": [
    0.002725429087244405,
    0.0024368716903630855,
    0.0022805591043658347,
    0.0022281099583541485,
    0.0020111824704503773,
    0.0019599443504017353,
    0.0018514199280574544,
    0.0017704538063277597,
    0.00172316168166274,
    0.001735486561995793,
    0.0015938110871622111,
    0.0016777973882801936,
    0.0016096110103059704,
    0.0015753073628817242,
    0.0014510651589682967,
    0.0014469570031482573,
    0.0014533749715009037,
    0.0013577757715785214,
    0.0013683911855785025,
    0.001328930092548932
  ],
  "val_succ": [
    0.11933321418626539,
    0.09743213155408016,
    0.10606359599673217,
    0.09038382998782284,
    0.08203690455251496,
    0.07299336744856838,
    0.07465375087910166,
    0.07141158406803814,
    0.07296612536636163,
    0.07131924408750705,
    0.06810472044271873,
    0.07696308343788727,
    0.07584333102963225,
    0.07568046078133217,
    0.07416141454107225,
    0.08536971218114613,
    0.09918434604497055,
    0.12722278967458095,
    0.15712787794954974,
    0.1719610363769759
  ]
}