{
  "train_total": [
    5.274403490886671,
    3.686398079078695,
    3.3702616741125286,
    3.1733155984973305,
    3.0674930861541143,
    2.9538688806122018,
    2.864954131943962,
    2.811116924992314,
    2.8159874245834007,
    2.7199495862816083,
    2.6753885486477005,
    2.6109140088349285,
    2.589114255159959,
    2.5636402560228038,
    2.5273480992545494,
    2.5170144484510484,
    2.4897570046844413,
    2.4416551010610825,
    2.3843691580556166,
    2.350512811915769
  ],
  "train_dest": [
    5.053777827587662,
    3.5644412288390095,
    3.2658195747592584,
    3.0763813964719695,
    2.975924784144304,
    2.8672449939834608,
    2.7798193549937564,
    2.7283948441292645,
    2.734521663501226,
    2.6419328522229906,
    2.5986723608010074,
    2.5372426724153914,
    2.5161763641784725,
    2.4937672813194984,
    2.4573069992858003,
    2.4489711591975585,
    2.4236785860457934,
    2.3766308673998204,
    2.3216918781197813,
    2.2908286384989145
  ],
  "train_succ": [
    0.22062566859921898,
    0.12195684815241258,
    0.10444210072711797,
    0.09693420084669527,
    0.09156830237072901,
    0.08662388959685853,
    0.0851347753908502,
    0.08272207810273419,
    0.08146575900205254,
    0.07801673257203526,
    0.07671618572114054,
    0.07367133845044292,
    0.07293788705344204,
    0.06987297460171811,
    0.07004110068659102,
    0.06804329130374562,
    0.06607841690093642,
    0.06502423764399128,
    0.06267727872772376,
    0.05968417585747486
  ],
  "val_total": [
    4.0802206377751125,
    3.3349452860001367,
    3.260217787758241,
    2.9395260597962096,
    3.2119707054911975,
    2.8822084788399125,
    2.8117274608452165,
    2.7539672642306514,
    2.5842331723126346,
    2.754581499520666,
    2.638145132984213,
    2.8378713496770365,
    2.679675752229617,
    2.493890943149289,
    2.7850900028858163,
    2.540805287029848,
    2.484883274448186,
    2.4438082086802226,
    2.695393539241198,
    2.475049108588588
  ],
  "val_dest": [
    3.9566831158725577,
    3.239038495267647,
    3.1723144000206154,
    2.855690662369982,
    3.1213191858652842,
    2.802054698958143,
    2.73060785829226,
    2.6735646749230213,
    2.5071749663574034,
    2.6760917904869688,
    2.562239420273155,
    2.764014965179959,
    2.609843902025837,
    2.4231956886030828,
    2.7122663345055886,
    2.469686946435243,
    2.4142019552150646,
    2.36720112108085,
    2.6224214603981766,
    2.403138056895216
  ],
  "val_succ": [
    0.12353752335614175,
    0.09590678410049801,
    0.08790339232550996,
    0.08383539548811154,
    0.09065152156402964,
    0.08015379187386357,
    0.08111960880640999,
    0.08040258475759955,
    0.07705820732553986,
    0.07848970088755237,
    0.07590570915279828,
    0.07385639305961461,
    0.06983184990094908,
    0.07069526601591757,
    0.07282367006093775,
    0.07111834815023028,
    0.07068132207594423,
    0.0766070791314703,
    0.07297207762034288,
    0.07191105062967938
  ]
}