{
  "train_total": [
    0.25681960859353625,
    0.18409582911616204,
    0.17528613543015079,
    0.16684528009153318,
    0.16091967639265128,
    0.1562694569051858,
    0.15045270444227968,
    0.1459882837949891,
    0.13815537048966472,
    0.11463647793436653,
    0.09552049394293126,
    0.07369166771715546,
    0.03953235768254547,
    0.02304145001870258,
    0.015419096600764045,
    0.007887284651267415,
    0.004592872681365413,
    0.004617886624930808,
    0.003189031681459811,
    0.002805802948935279
  ],
  "train_dest": [
    0.003227648331784553,
    0.002874507625985221,
    0.0027688030135004284,
    0.002651021062239143,
    0.0025910915413159667,
    0.0025575627043234166,
    0.002532395854122876,
    0.0025174796346544735,
    0.0025136395001677963,
    0.0024752358320424064,
    0.0024752439574532836,
    0.0024778592133559724,
    0.0024537821477001436,
    0.0024487554465227887,
    0.002442619740178888,
    0.002429430379638282,
    0.002422439274331849,
    0.0024186344672155976,
    0.002410631398430604,
    0.0024088870564874434
  ],
  "train_succ": [
    0.2535919603010826,
    0.1812213216188962,
    0.17251733235860042,
    0.16419425871906349,
    0.15832858488414614,
    0.15371189388263948,
    0.14792030853873023,
    0.14347080423983777,
    0.13564173110307287,
    0.11216124204217096,
    0.09304525015510572,
    0.0712138085561706,
    0.03707857552485485,
    0.02059269455877152,
    0.012976476828576201,
    0.005457854266002919,
    0.002170433399964646,
    0.002199252151160605,
    0.0007784002786411211,
    0.0003969158895262788
  ],
  "val_total": [
    0.20534893007931013,
    0.17524959611543545,
    0.16599215815835308,
    0.16150057016319794,
    0.16398742586723483,
    0.16076952789200497,
    0.17257972075160893,
    0.16162214255898247,
    0.16860576279207762,
    0.17814007759457162,
    0.19598628018085928,
    0.24476970118465402,
    0.32613573285787595,
    0.39162526928875196,
    0.4595482688430055,
    0.5444479906585749,
    0.6142617071482271,
    0.6588603016427933,
    0.6948802383578357,
    0.7409471289007374
  ],
  "val_dest": [
    0.003027088334304824,
    0.0028829670592335275,
    0.002654425028811397,
    0.0026767536294896753,
    0.0025506593203239517,
    0.0025357475287684237,
    0.002551451841115887,
    0.0024935800099415827,
    0.0024838443503879645,
    0.002460547458609003,
    0.0024841729897916295,
    0.0024882773628604354,
    0.00246649136954641,
    0.002457752625037883,
    0.002453998441559628,
    0.0024409247797101295,
    0.002439849041629463,
    0.002434070805738535,
    0.0024354904617394538,
    0.002435147996874053
  ],
  "val_succ": [
    0.20232184166740497,
    0.1723666288612547,
    0.16333773359325113,
    0.158823816412576,
    0.16143676696519574,
    0.15823378066890623,
    0.17002826970731624,
    0.15912856290108152,
    0.16612191947036756,
    0.1756795303318562,
    0.19350210829639955,
    0.24228142359561694,
    0.32366924077389764,
    0.38916751642807396,
    0.4570942691361815,
    0.5420070661911588,
    0.61182185817852,
    0.6564262297440253,
    0.6924447463970845,
    0.7385119772670564
  ]
}