{
  "train_total": [
    6.269730084426717,
    5.018660231093429,
    4.502471586926458,
    4.321436477521833,
    4.158633410211229,
    3.9430376094039836,
    3.865354095063063,
    3.802070537534466,
    3.724970499209821,
    3.6847778910770823,
    3.579388319767369,
    3.496110385530614,
    3.453386331234695,
    3.4357189641396815,
    3.421624502328806,
    3.393476897501948,
    3.2951110693663903,
    3.230903766238963,
    3.2077555333047285,
    3.1509725303410563
  ],
  "train_dest": [
    6.045589737832316,
    4.8597487516393745,
    4.381032300100582,
    4.212928982552501,
    4.059661916501666,
    3.853825951460574,
    3.780813846310318,
    3.7203778259635243,
    3.6454597959503108,
    3.6079219056793117,
    3.5048768248815483,
    3.425075987862714,
    3.3840423505253336,
    3.36847064550275,
    3.3557212705159265,
    3.3287752424382218,
    3.2328241108568174,
    3.172396862327932,
    3.14932805052145,
    3.096189213446333
  ],
  "train_succ": [
    0.22414035341193642,
    0.1589114704408572,
    0.12143928839486248,
    0.10850748791004217,
    0.09897148975035146,
    0.08921166166245895,
    0.08454024933875814,
    0.0816927086682923,
    0.07951070043449525,
    0.07685598564067143,
    0.07451149347592437,
    0.0710343976833756,
    0.06934398218237105,
    0.06724831933723041,
    0.06590322990966634,
    0.06470165549730543,
    0.06228696094679958,
    0.05850689827472513,
    0.05842748040018587,
    0.054783314098367265
  ],
  "val_total": [
    5.663677605332161,
    4.754142550043904,
    4.579084343783661,
    4.308550317895599,
    4.056762423463708,
    3.9592285739540647,
    3.7271981667300995,
    3.790117397349828,
    3.796397495745835,
    3.6667846229457823,
    4.060907965776847,
    3.5850951071223403,
    3.386221210972953,
    3.5510049708802907,
    3.6357966620151556,
    3.66763255482213,
    4.0579412461788325,
    3.5771951606362853,
    3.3811506604273966,
    3.39249283084465
  ],
  "val_dest": [
    5.483606279205652,
    4.631622145381323,
    4.453141690478902,
    4.20210107957852,
    3.9478821449966066,
    3.866767515415246,
    3.643015649028464,
    3.7133251138903103,
    3.695386387394155,
    3.583622779435178,
    3.9685849576167733,
    3.50855956461487,
    3.3171682554575033,
    3.4839182788747256,
    3.5649261159278915,
    3.5943026353653837,
    3.9851002722164046,
    3.51196564729195,
    3.3133313713946664,
    3.326068439327156
  ],
  "val_succ": [
    0.18007132590445998,
    0.12252041314625589,
    0.12594264611746916,
    0.10644922599699817,
    0.10888027672993325,
    0.09246106530502729,
    0.08418252891506703,
    0.07679228452188724,
    0.10101110390685059,
    0.08316184388436713,
    0.09232300092344058,
    0.07653554084873769,
    0.06905295820819762,
    0.06708670037324521,
    0.0708705450217643,
    0.07332992023538773,
    0.07284097466723691,
    0.06522951232790372,
    0.06781929511456661,
    0.06642438318258732
  ]
}