{
  "train_total": [
    5.794046358472071,
    4.238756083968317,
    3.800892675472146,
    3.63147721661031,
    3.42320551932558,
    3.3336839863278356,
    3.27467652603432,
    3.1730094231671866,
    3.105016756833084,
    3.088759211020741,
    2.9975686538510207,
    2.9811482500577684,
    2.942074576690591,
    2.895634902740451,
    2.879193244803135,
    2.800768973919973,
    2.760762281211088,
    2.740846023973088,
    2.7115517681314802,
    2.6251614080858103
  ],
  "train_dest": [
    5.5755091251934985,
    4.1123408224524525,
    3.699005180796526,
    3.5378134317406684,
    3.3375781474074695,
    3.249709298186401,
    3.192822147298742,
    3.094150010593969,
    3.0294877134579847,
    3.0142934582959238,
    2.9275077927080275,
    2.9119405248946935,
    2.8743016556134178,
    2.82876211065587,
    2.8148967991461062,
    2.7393226397392874,
    2.699840571714503,
    2.6821975184649958,
    2.6531437533119293,
    2.570493811729693
  ],
  "train_succ": [
    0.21853723046525492,
    0.12641525692234948,
    0.10188749309397002,
    0.09366378621909138,
    0.08562737052491257,
    0.08397468627500326,
    0.08185437757920645,
    0.07885941189449606,
    0.07552904001914146,
    0.07446575194661183,
    0.07006085987409784,
    0.06920772668288881,
    0.06777291739352767,
    0.06687279245054792,
    0.06429644433954813,
    0.061446335255870864,
    0.06092170688560083,
    0.05864850373336307,
    0.058408016458409484,
    0.054667597308892896
  ],
  "val_total": [
    4.951854879998743,
    4.778276121633019,
    3.9883541632043835,
    3.534193067891041,
    3.4987030263082146,
    3.4508293354267483,
    3.3384884843132205,
    2.931515998615026,
    3.3167351655852277,
    3.139935196210662,
    3.1993580163698647,
    3.3827625228264546,
    3.0890961829580013,
    3.259720933553937,
    3.293262733826261,
    3.086074637803434,
    2.803832068068394,
    3.2574708648002333,
    2.96938757821927,
    2.912991371055457
  ],
  "val_dest": [
    4.786357922458928,
    4.645529595836211,
    3.9055542111866175,
    3.4545254927191484,
    3.4140416531978897,
    3.378434364547061,
    3.2550591980352586,
    2.8633220337192182,
    3.2452008539788775,
    3.0733194114988374,
    3.131558512393695,
    3.3178756747905354,
    3.0250806144666873,
    3.195558847594288,
    3.2258735904696025,
    3.0194408510201587,
    2.7439257568345807,
    3.1916785889442276,
    2.911223519973435,
    2.8542789803607542
  ],
  "val_succ": [
    0.16549695638905906,
    0.13274653666842837,
    0.0827999655240133,
    0.0796675818644499,
    0.08466137127819955,
    0.07239497739811736,
    0.08342927066704135,
    0.06819396360120673,
    0.07153430701089483,
    0.06661577982868004,
    0.06779950715210603,
    0.06488684592367536,
    0.06401556926731777,
    0.06416209385217289,
    0.06738914431814588,
    0.06663378440605464,
    0.059906306452874106,
    0.065792275871147,
    0.058164059169468395,
    0.05871239547942685
  ]
}