{
  "train_total": [
    0.17244138625343586,
    0.10510984547654977,
    0.09296280961540926,
    0.08543867352414394,
    0.07976848790430495,
    0.0755830168957101,
    0.07191280271713273,
    0.06921199868898419,
    NaN,
    NaN,
    NaN,
    NaN,
    NaN,
    NaN,
    NaN,
    NaN,
    NaN,
    NaN,
    NaN,
    NaN
  ],
  "train_dest": [
    0.003041437582652124,
    0.0023893480653543945,
    0.0021835718695755774,
    0.002021831879055745,
    0.0018912137892179682,
    0.0017860140871254907,
    0.0017136837459483135,
    0.0016441744168153557,
    NaN,
    NaN,
    NaN,
    NaN,
    NaN,
    NaN,
    NaN,
    NaN,
    NaN,
    NaN,
    NaN,
    NaN
  ],
  "train_succ": [
    0.1693999486493305,
    0.1027204974604116,
    0.09077923766748733,
    0.08341684153382586,
    0.0778772740651346,
    0.0737970027216149,
    0.07019911896918632,
    0.06756782433368912,
    NaN,
    NaN,
    NaN,
    NaN,
    NaN,
    NaN,
    NaN,
    NaN,
    NaN,
    NaN,
    NaN,
    NaN
  ],
  "val_total": [
    0.11275181683412308,
    0.11693909870747846,
    0.08494960731381586,
    0.08468633205518099,
    0.07485263064803188,
    0.07764319024328746,
    0.08011263292773145,
    0.0669156817637304,
    NaN,
    NaN,
    NaN,
    NaN,
    NaN,
    NaN,
    NaN,
    NaN,
    NaN,
    NaN,
    NaN,
    NaN
  ],
  "val_dest": [
    0.0026327557250524713,
    0.002456512395316179,
    0.002070017628964128,
    0.002021132285695934,
    0.001847097512358717,
    0.0016936532360847358,
    0.0017632319076831594,
    0.0016244445740478675,
    NaN,
    NaN,
    NaN,
    NaN,
    NaN,
    NaN,
    NaN,
    NaN,
    NaN,
    NaN,
    NaN,
    NaN
  ],
  "val_succ": [
    0.11011906065662859,
    0.11448258621090328,
    0.08287958965267597,
    0.08266519987642212,
    0.07300553280350579,
    0.07594953697502696,
    0.07834940100963848,
    0.0652912373647565,
    NaN,
    NaN,
    NaN,
    NaN,
    NaN,
    NaN,
    NaN,
    NaN,
    NaN,
    NaN,
    NaN,
    NaN
  ]
}