{
  "train_total": [
    6.089056729193517,
    4.826961094770974,
    4.408725932577007,
    4.199321164886695,
    4.020254612184368,
    3.894122602709156,
    3.7334825695368656,
    3.7337184368002596,
    3.6145154981862992,
    3.591840751341257,
    3.496601909372111,
    3.488643576889934,
    3.436202587474006,
    3.395914858488102,
    3.30534414805694,
    3.274764642698224,
    3.226743820021577,
    3.1744731374980097,
    3.0984018383095044,
    3.0531856843557246
  ],
  "train_dest": [
    5.875121854938897,
    4.683509949207736,
    4.295822170045641,
    4.099060381869529,
    3.9290046618667507,
    3.80842303195943,
    3.6532378263482124,
    3.653469417368709,
    3.538338655594134,
    3.5170856366420287,
    3.4262717586438076,
    3.4180691940028494,
    3.3693986380541765,
    3.329897173051912,
    3.2414716048184666,
    3.2135247182716844,
    3.1670044097366263,
    3.115947166647907,
    3.0424899227897004,
    2.999576251142824
  ],
  "train_succ": [
    0.2139348690149853,
    0.14345114649035368,
    0.11290376807218915,
    0.10026078689641503,
    0.0912499523451577,
    0.08569957188758814,
    0.08024474616939002,
    0.08024901965870282,
    0.07617684228508964,
    0.07475511492469769,
    0.07033014519042532,
    0.07057438311549855,
    0.06680394742215538,
    0.06601768317644997,
    0.0638725400535102,
    0.06123992316437466,
    0.059739411180938215,
    0.05852597337969105,
    0.05591191452727657,
    0.05360943099291189
  ],
  "val_total": [
    5.020925672599689,
    4.5490856999804645,
    4.487000605240265,
    4.63190621147461,
    3.983524007808143,
    3.780184777040698,
    3.9224019989978856,
    3.772085035436265,
    3.6611381362630135,
    3.3846757902845286,
    3.625005674138088,
    3.423173203911061,
    3.6804786047638105,
    3.4310484882172068,
    3.483127796769551,
    3.340680223096966,
    3.401946506278572,
    3.690396654247011,
    3.403902949727234,
    3.318367028197021
  ],
  "val_dest": [
    4.878435788577959,
    4.433539296444195,
    4.386508231270227,
    4.51700018267763,
    3.903258093336433,
    3.7010674489342423,
    3.843174463909493,
    3.700925705954669,
    3.595212822173642,
    3.319113008830321,
    3.553618530359199,
    3.358673193699127,
    3.613724233112992,
    3.3705170529778723,
    3.4201490515359216,
    3.277021048015399,
    3.338467935042234,
    3.6221385068153316,
    3.34374663979099,
    3.2590025478800566
  ],
  "val_succ": [
    0.1424898744522806,
    0.11554640784403519,
    0.10049237674093907,
    0.11490602796419624,
    0.08026590878606434,
    0.07911732755379015,
    0.07922754423387862,
    0.07115934590258866,
    0.06592532471872778,
    0.06556278759788471,
    0.07138713068903348,
    0.06450001377776543,
    0.06675436973162956,
    0.06053143631059818,
    0.06297874086908263,
    0.06365917548281741,
    0.06347857752764496,
    0.0682581563159742,
    0.06015631522442476,
    0.059364480778781245
  ]
}