{
  "train_total": [
    0.25447501918232,
    0.1874357900349213,
    0.1760605440290801,
    0.1678329713831049,
    0.1600518230560834,
    0.1552650218572074,
    0.14786272840582798,
    0.14098708341344046,
    0.13200081083099102,
    0.10405680055325378,
    0.08329937573313687,
    0.06310650639155209,
    0.03200791788147805,
    0.01951038214952669,
    0.012287839057551597,
    0.006871222997296269,
    0.004850215419904811,
    0.0044905210005131225,
    0.0035125483744445425,
    0.003236831983807139
  ],
  "train_dest": [
    0.003208221615079282,
    0.0029358494315505053,
    0.0028208991762523243,
    0.002738436987722846,
    0.0026809560110188464,
    0.0026453508094858376,
    0.002625917612012163,
    0.0026062565032046125,
    0.0025937350604821135,
    0.0025457977045953355,
    0.002537792441586593,
    0.002537859041351478,
    0.0025091962203174804,
    0.0025027256142247096,
    0.0024928021633386773,
    0.002477349493654265,
    0.002465731892549679,
    0.0024611145452921833,
    0.002451030669570669,
    0.0024443548331508293
  ],
  "train_succ": [
    0.25126679793552115,
    0.18449994059516808,
    0.1732396451014329,
    0.16509453442146246,
    0.15737086727326802,
    0.15261967121787512,
    0.14523681085607223,
    0.1383808270288596,
    0.12940707573601548,
    0.10151100291743498,
    0.08076158330532661,
    0.060568647310659356,
    0.029498721703436048,
    0.017007656541322556,
    0.009795036896999737,
    0.004393873498673057,
    0.002384483530815648,
    0.002029406456072101,
    0.0010615177065942726,
    0.0007924771489761683
  ],
  "val_total": [
    0.19636411962551134,
    0.17878558886992507,
    0.17174652461591855,
    0.16054837313797346,
    0.16808879133932567,
    0.16003837105742977,
    0.17300543940849542,
    0.16312519837396544,
    0.16159831740094116,
    0.18274028988257685,
    0.2280103732261248,
    0.28439838482450497,
    0.35625129841391323,
    0.4020657002544732,
    0.5101261042309486,
    0.5501022331713996,
    0.6014497016489607,
    0.6771488016704068,
    0.7200118876776234,
    0.737516143867609
  ],
  "val_dest": [
    0.0030038240241476145,
    0.0028791244899839634,
    0.0028011658926035796,
    0.0026924649118515013,
    0.0026868192803019544,
    0.002655153387948581,
    0.0026040435375338906,
    0.0025841662913152048,
    0.002574470788112676,
    0.0025411612053399283,
    0.0025562880566433804,
    0.0025462542731392026,
    0.002532714233618614,
    0.002513035917156619,
    0.0025124004776448214,
    0.002488578462240529,
    0.0024853980003207996,
    0.0024828295209574592,
    0.002478849197323018,
    0.002471719379870986
  ],
  "val_succ": [
    0.19336029590803894,
    0.17590646399758783,
    0.1689453586211096,
    0.15785590908540395,
    0.1654019718565057,
    0.15738321746696318,
    0.1704013957526683,
    0.16054103205804524,
    0.1590238468446832,
    0.1801991277677986,
    0.22545408506065165,
    0.28185213042171636,
    0.35371858369481923,
    0.3995526643647606,
    0.5076137031694085,
    0.5476136535584025,
    0.5989643039921634,
    0.6746659731511564,
    0.7175330378471949,
    0.7350444244174719
  ]
}