{
  "train_total": [
    0.16298299117557294,
    0.10919979828146523,
    0.09773260063400059,
    0.09119238768802668,
    0.08506684227280366,
    0.08112311437044566,
    0.0763954227927369,
    0.0740259456950515,
    0.07015529863474101,
    0.06811580007017506,
    0.06549105200707886,
    0.06259475274654248,
    0.06004209924542262,
    0.05680434636951718,
    0.0535927417317057,
    0.038683947797043566,
    0.03145432139809101,
    0.02665061095301247,
    0.014274397361207529,
    0.009573730484892925
  ],
  "train_dest": [
    0.002978178624538225,
    0.002477643767610704,
    0.002330271262265809,
    0.002168782548591925,
    0.002090241236830098,
    0.0019513888692806367,
    0.0019029058478587553,
    0.0018655621553304274,
    0.0018008775956922,
    0.0017715772807803392,
    0.001717353403394118,
    0.001665384284251764,
    0.0016413818737332118,
    0.0016587972857626768,
    0.0016324551587389292,
    0.001516736827327179,
    0.0014929329591963942,
    0.0014668899771690962,
    0.001388432942002729,
    0.0013558570187359664
  ],
  "train_succ": [
    0.16000481259141727,
    0.10672215456117783,
    0.09540232931967915,
    0.08902360508832559,
    0.08297660099737877,
    0.07917172542429095,
    0.0744925169682243,
    0.07216038344202474,
    0.06835442117491927,
    0.06634422282662239,
    0.06377369866226047,
    0.06092936842737664,
    0.05840071742595346,
    0.05514554919754075,
    0.05196028659221159,
    0.03716721095152321,
    0.029961388469759927,
    0.025183721005104947,
    0.012885964415576679,
    0.008217873468447538
  ],
  "val_total": [
    0.11185837038970702,
    0.11342119254991857,
    0.09688930694224633,
    0.07813702628249983,
    0.07841854780597385,
    0.07932140853448331,
    0.07261638288682727,
    0.07498131314817535,
    0.06936994019517136,
    0.07421677724097957,
    0.0742382600136202,
    0.06801113666311567,
    0.06874135853819101,
    0.08220968586651171,
    0.0734014758515725,
    0.07910680905405953,
    0.08724603607982566,
    0.09463382341412083,
    0.13090717093120027,
    0.17265544094221125
  ],
  "val_dest": [
    0.0025919573856490463,
    0.002565679065864233,
    0.0022708672177125556,
    0.0021322232465961566,
    0.001988964192963172,
    0.0019276345274191707,
    0.0019062284588866776,
    0.0019302190913491459,
    0.0017540839211912355,
    0.0018920193353974709,
    0.0016884680214401529,
    0.0015987948609806316,
    0.0017233614146600139,
    0.0016631296439320851,
    0.0017901735386088307,
    0.001484460579446675,
    0.0014760790534826627,
    0.0014425559692682406,
    0.0013981639656227493,
    0.001379639835376186
  ],
  "val_succ": [
    0.10926641317723924,
    0.11085551341213205,
    0.09461843931098064,
    0.07600480305956231,
    0.0764295833016629,
    0.07739377381400961,
    0.07071015407589995,
    0.07305109399436739,
    0.06761585609985249,
    0.0723247577551131,
    0.07254979186631606,
    0.06641234171507124,
    0.06701799682448571,
    0.08054655635128266,
    0.07161130238015422,
    0.07762234837146116,
    0.08576995713328008,
    0.09319126768191222,
    0.12950900732234988,
    0.17127580153647606
  ]
}