{
  "train_total": [
    0.24293880897903075,
    0.18281675819997434,
    0.1733759972178516,
    0.16701215797532165,
    0.1620609218350594,
    0.15612870409021318,
    0.1496539447009025,
    0.1451548111373466,
    0.13921329030445706,
    0.1301954167137005,
    0.11860463107316044,
    0.08366693228705305,
    0.05978235790410097,
    0.04155214227081462,
    0.019841387327600612,
    0.012071432474901346,
    0.008820677984610214,
    0.004758090023944102,
    0.0036088739750635927,
    0.0035179442761410383
  ],
  "train_dest": [
    0.0032186825017679515,
    0.002918129091091326,
    0.00281134083431278,
    0.002689525186586469,
    0.0026361465425917907,
    0.0025838610337367376,
    0.002567138472174874,
    0.002542237384798377,
    0.002524831581923037,
    0.002523496620821436,
    0.0025185381860304843,
    0.002486017296240474,
    0.002487249041435518,
    0.002479929029403125,
    0.002461587561146367,
    0.0024544302805923363,
    0.002446472034230155,
    0.002431533042683881,
    0.002421823614689184,
    0.002415394981525495
  ],
  "train_succ": [
    0.2397201263767271,
    0.1798986293436066,
    0.17056465641256377,
    0.16432263274435643,
    0.15942477535829958,
    0.15354484303870392,
    0.1470868061208305,
    0.14261257384803613,
    0.13668845876270624,
    0.1276719199717314,
    0.11608609267659384,
    0.08118091493823112,
    0.05729510895899466,
    0.039072213188935216,
    0.01737979975175773,
    0.009617002219705848,
    0.006374205935916874,
    0.0023265569732382643,
    0.0011870503554958362,
    0.001102549296536409
  ],
  "val_total": [
    0.17639338111765868,
    0.19296926479499418,
    0.1779604076469244,
    0.16649107392029178,
    0.15962979094374102,
    0.16319395307891302,
    0.160253854497565,
    0.15895709943538042,
    0.17282251003068794,
    0.1656959874658502,
    0.17188572170090785,
    0.20275338916839064,
    0.2571116861562916,
    0.3195220181366783,
    0.4202719822468724,
    0.4819143324600438,
    0.5704136671031514,
    0.6548474760453192,
    0.7203754583152102,
    0.7407322144719019
  ],
  "val_dest": [
    0.002953252087221937,
    0.0029343927422131235,
    0.0027670949293168256,
    0.0027112576658767113,
    0.0026145041006429516,
    0.002642952969242642,
    0.002578048419009075,
    0.002525084496746766,
    0.0025280838894718,
    0.0025185927187142167,
    0.0024980060966413578,
    0.0025022989467224544,
    0.002488036640993915,
    0.0025043895230464712,
    0.0024839780032805078,
    0.002477458125283398,
    0.002470149604501206,
    0.002453860840571494,
    0.002438201771006433,
    0.0024354563301806982
  ],
  "val_succ": [
    0.17344012909100287,
    0.19003487172339356,
    0.17519331299394056,
    0.16377981623927354,
    0.15701528605763104,
    0.16055099994122082,
    0.1576758064249185,
    0.15643201479384272,
    0.17029442663615502,
    0.16317739505469836,
    0.16938771531373834,
    0.2002510905462648,
    0.25462365012663707,
    0.3170176269016922,
    0.4177880031202794,
    0.4794368729019928,
    0.5679435189806278,
    0.6523936160214441,
    0.7179372569482935,
    0.7382967578164148
  ]
}